path,label,split
./data/matek19/BAS/BAS_0001.tiff,0,-0.3860715559106156
./data/matek19/BAS/BAS_0003.tiff,0,0.3029261285994167
./data/matek19/BAS/BAS_0004.tiff,0,0.23702524483626797
./data/matek19/BAS/BAS_0005.tiff,0,-0.33130755024983466
./data/matek19/BAS/BAS_0006.tiff,0,-0.7580758806304412
./data/matek19/BAS/BAS_0007.tiff,0,-0.826043634464939
./data/matek19/BAS/BAS_0009.tiff,0,-0.10657195838532271
./data/matek19/BAS/BAS_0010.tiff,0,1.4058163915844883
./data/matek19/BAS/BAS_0011.tiff,0,0.8109935965256826
./data/matek19/BAS/BAS_0012.tiff,0,2.5173404958021166
./data/matek19/BAS/BAS_0013.tiff,0,-0.408794858995275
./data/matek19/BAS/BAS_0014.tiff,0,-0.5857486544835891
./data/matek19/BAS/BAS_0015.tiff,0,-0.3484531538941043
./data/matek19/BAS/BAS_0016.tiff,0,0.7333043839156188
./data/matek19/BAS/BAS_0017.tiff,0,1.2209513265072842
./data/matek19/BAS/BAS_0018.tiff,0,-2.0413867965028314
./data/matek19/BAS/BAS_0019.tiff,0,-0.34319249236756527
./data/matek19/BAS/BAS_0020.tiff,0,1.7650587937806164
./data/matek19/BAS/BAS_0022.tiff,0,1.3887022874349237
./data/matek19/BAS/BAS_0024.tiff,0,1.2396681225016786
./data/matek19/BAS/BAS_0026.tiff,0,-1.6801037285171614
./data/matek19/BAS/BAS_0027.tiff,0,-1.5728896183993162
./data/matek19/BAS/BAS_0028.tiff,0,-0.4837366877373835
./data/matek19/BAS/BAS_0030.tiff,0,0.1113520431705887
./data/matek19/BAS/BAS_0031.tiff,0,-1.361206943927691
./data/matek19/BAS/BAS_0032.tiff,0,-2.3221569315435717
./data/matek19/BAS/BAS_0033.tiff,0,-0.40380656548776506
./data/matek19/BAS/BAS_0034.tiff,0,-1.6175052437990076
./data/matek19/BAS/BAS_0035.tiff,0,-1.0735700277788731
./data/matek19/BAS/BAS_0036.tiff,0,-1.4015691440446159
./data/matek19/BAS/BAS_0038.tiff,0,0.7272145931484066
./data/matek19/BAS/BAS_0039.tiff,0,0.5944480303935238
./data/matek19/BAS/BAS_0040.tiff,0,1.7204292844086357
./data/matek19/BAS/BAS_0041.tiff,0,-0.26309304140034934
./data/matek19/BAS/BAS_0042.tiff,0,-0.24461266315187372
./data/matek19/BAS/BAS_0043.tiff,0,1.3374339622631533
./data/matek19/BAS/BAS_0044.tiff,0,0.9513553003496875
./data/matek19/BAS/BAS_0045.tiff,0,1.5192717571255119
./data/matek19/BAS/BAS_0046.tiff,0,-0.03022909522309458
./data/matek19/BAS/BAS_0047.tiff,0,1.8725652888495403
./data/matek19/BAS/BAS_0048.tiff,0,-0.8686351059931573
./data/matek19/BAS/BAS_0049.tiff,0,-1.9078382430998704
./data/matek19/BAS/BAS_0050.tiff,0,1.3839807485043762
./data/matek19/BAS/BAS_0052.tiff,0,1.3649635210320397
./data/matek19/BAS/BAS_0053.tiff,0,-1.5241076438297756
./data/matek19/BAS/BAS_0055.tiff,0,-1.032229808627576
./data/matek19/BAS/BAS_0057.tiff,0,0.5714477235832243
./data/matek19/BAS/BAS_0058.tiff,0,0.4938042090950633
./data/matek19/BAS/BAS_0059.tiff,0,0.5508578449798172
./data/matek19/BAS/BAS_0060.tiff,0,-0.03398848140336066
./data/matek19/BAS/BAS_0061.tiff,0,-0.1953106573431486
./data/matek19/BAS/BAS_0064.tiff,0,-0.727894803533471
./data/matek19/BAS/BAS_0065.tiff,0,-0.8085274478224137
./data/matek19/BAS/BAS_0066.tiff,0,0.4945123011034096
./data/matek19/BAS/BAS_0067.tiff,0,1.0503304359887389
./data/matek19/BAS/BAS_0068.tiff,0,-0.42407724111130496
./data/matek19/BAS/BAS_0070.tiff,0,0.6962831855049546
./data/matek19/BAS/BAS_0071.tiff,0,1.2281800236090543
./data/matek19/BAS/BAS_0072.tiff,0,0.680634717200334
./data/matek19/BAS/BAS_0073.tiff,0,-0.3359570148464542
./data/matek19/BAS/BAS_0074.tiff,0,-0.7989373447789662
./data/matek19/BAS/BAS_0075.tiff,0,-0.5552168523147568
./data/matek19/BAS/BAS_0076.tiff,0,-0.01834444532345847
./data/matek19/BAS/BAS_0077.tiff,0,-0.48461424086906946
./data/matek19/BAS/BAS_0078.tiff,0,2.2653259394283842
./data/matek19/BAS/BAS_0079.tiff,0,-1.562223926550493
./data/matek19/EBO/EBO_0001.tiff,2,0.26276106316151127
./data/matek19/EBO/EBO_0002.tiff,2,-0.33303565296083204
./data/matek19/EBO/EBO_0003.tiff,2,0.03839258813870772
./data/matek19/EBO/EBO_0004.tiff,2,1.2256918812415993
./data/matek19/EBO/EBO_0005.tiff,2,0.4339982523765999
./data/matek19/EBO/EBO_0006.tiff,2,0.17579254793743782
./data/matek19/EBO/EBO_0008.tiff,2,-0.8210948137204745
./data/matek19/EBO/EBO_0009.tiff,2,-1.4252185431331308
./data/matek19/EBO/EBO_0010.tiff,2,-0.22537058080025807
./data/matek19/EBO/EBO_0011.tiff,2,-1.0268192740596298
./data/matek19/EBO/EBO_0012.tiff,2,1.642540799486156
./data/matek19/EBO/EBO_0013.tiff,2,1.0292662122117848
./data/matek19/EBO/EBO_0014.tiff,2,-1.5817267135529254
./data/matek19/EBO/EBO_0016.tiff,2,-0.9927168048904842
./data/matek19/EBO/EBO_0017.tiff,2,1.936611508509148
./data/matek19/EBO/EBO_0018.tiff,2,0.7116953359873518
./data/matek19/EBO/EBO_0019.tiff,2,-1.60305376547569
./data/matek19/EBO/EBO_0020.tiff,2,-0.27213154279017704
./data/matek19/EBO/EBO_0021.tiff,2,0.5909077116008783
./data/matek19/EBO/EBO_0022.tiff,2,-0.6443511821602647
./data/matek19/EBO/EBO_0023.tiff,2,2.919379460344698
./data/matek19/EBO/EBO_0024.tiff,2,-0.78927032995396
./data/matek19/EBO/EBO_0025.tiff,2,-0.09742931265515829
./data/matek19/EBO/EBO_0026.tiff,2,1.1887120287697133
./data/matek19/EBO/EBO_0027.tiff,2,-0.6074152507091
./data/matek19/EBO/EBO_0028.tiff,2,0.5747495818961464
./data/matek19/EBO/EBO_0029.tiff,2,-0.8561823682521561
./data/matek19/EBO/EBO_0030.tiff,2,-0.667136268315771
./data/matek19/EBO/EBO_0031.tiff,2,0.4431838355579801
./data/matek19/EBO/EBO_0033.tiff,2,-1.3422115976032576
./data/matek19/EBO/EBO_0034.tiff,2,0.7892152731017612
./data/matek19/EBO/EBO_0035.tiff,2,0.349837618746069
./data/matek19/EBO/EBO_0036.tiff,2,-0.011874739795858506
./data/matek19/EBO/EBO_0037.tiff,2,-0.3042839702781259
./data/matek19/EBO/EBO_0038.tiff,2,1.9536311849768677
./data/matek19/EBO/EBO_0040.tiff,2,-0.33874510427916715
./data/matek19/EBO/EBO_0043.tiff,2,0.7037744531690303
./data/matek19/EBO/EBO_0048.tiff,2,-0.22214477754564707
./data/matek19/EBO/EBO_0049.tiff,2,1.1731770190308832
./data/matek19/EBO/EBO_0050.tiff,2,-0.6229145409265011
./data/matek19/EBO/EBO_0051.tiff,2,-0.09146290288227595
./data/matek19/EBO/EBO_0052.tiff,2,-1.0059110864904681
./data/matek19/EBO/EBO_0053.tiff,2,0.19018647355939694
./data/matek19/EBO/EBO_0056.tiff,2,1.1517791206230557
./data/matek19/EBO/EBO_0057.tiff,2,1.665369457544395
./data/matek19/EBO/EBO_0058.tiff,2,0.06298942122741052
./data/matek19/EBO/EBO_0059.tiff,2,0.8698825594114747
./data/matek19/EBO/EBO_0060.tiff,2,-1.2033319206193582
./data/matek19/EBO/EBO_0061.tiff,2,0.462830794902226
./data/matek19/EBO/EBO_0062.tiff,2,-0.377959747488523
./data/matek19/EBO/EBO_0063.tiff,2,-0.969060174611404
./data/matek19/EBO/EBO_0064.tiff,2,-2.3117817239381058
./data/matek19/EBO/EBO_0065.tiff,2,0.489939016090358
./data/matek19/EBO/EBO_0066.tiff,2,-1.0527296606962833
./data/matek19/EBO/EBO_0067.tiff,2,-1.2920262381649557
./data/matek19/EBO/EBO_0068.tiff,2,-0.4217985518700234
./data/matek19/EBO/EBO_0069.tiff,2,-0.13856920771046266
./data/matek19/EBO/EBO_0070.tiff,2,0.7131681243066199
./data/matek19/EBO/EBO_0071.tiff,2,0.5019929361008477
./data/matek19/EBO/EBO_0072.tiff,2,0.010349301222185263
./data/matek19/EBO/EBO_0073.tiff,2,-0.7178179655213971
./data/matek19/EBO/EBO_0074.tiff,2,1.3701539007447852
./data/matek19/EBO/EBO_0076.tiff,2,-0.16653043884360783
./data/matek19/EBO/EBO_0077.tiff,2,0.7146924917900053
./data/matek19/EBO/EBO_0078.tiff,2,-0.10795908684468447
./data/matek19/EOS/EOS_0001.tiff,1,-1.462654308789186
./data/matek19/EOS/EOS_0002.tiff,1,-0.743241875518359
./data/matek19/EOS/EOS_0003.tiff,1,0.7762162761227444
./data/matek19/EOS/EOS_0004.tiff,1,2.137167334611328
./data/matek19/EOS/EOS_0005.tiff,1,-0.09557877810528191
./data/matek19/EOS/EOS_0006.tiff,1,-0.9692151375613558
./data/matek19/EOS/EOS_0007.tiff,1,0.5505383727566522
./data/matek19/EOS/EOS_0008.tiff,1,0.5171412761856208
./data/matek19/EOS/EOS_0009.tiff,1,1.1228847717970423
./data/matek19/EOS/EOS_0010.tiff,1,0.19543301717656458
./data/matek19/EOS/EOS_0011.tiff,1,-0.6266904098888545
./data/matek19/EOS/EOS_0012.tiff,1,-1.8292568329514434
./data/matek19/EOS/EOS_0013.tiff,1,0.7511113812791214
./data/matek19/EOS/EOS_0014.tiff,1,-0.49521090748431773
./data/matek19/EOS/EOS_0016.tiff,1,0.06160459675494749
./data/matek19/EOS/EOS_0017.tiff,1,1.5427468728202254
./data/matek19/EOS/EOS_0019.tiff,1,0.1940612677970089
./data/matek19/EOS/EOS_0022.tiff,1,-0.2889896195320305
./data/matek19/EOS/EOS_0023.tiff,1,-2.7645576510459158
./data/matek19/EOS/EOS_0024.tiff,1,1.3106194001061249
./data/matek19/EOS/EOS_0025.tiff,1,-1.388167572844161
./data/matek19/EOS/EOS_0026.tiff,1,1.9071902940898813
./data/matek19/EOS/EOS_0027.tiff,1,0.9211086384781165
./data/matek19/EOS/EOS_0030.tiff,1,0.4500320973051934
./data/matek19/EOS/EOS_0033.tiff,1,-0.08059566685543422
./data/matek19/EOS/EOS_0034.tiff,1,1.0657266398734633
./data/matek19/EOS/EOS_0035.tiff,1,-2.073035131699648
./data/matek19/EOS/EOS_0036.tiff,1,-1.3118940128772036
./data/matek19/EOS/EOS_0037.tiff,1,-0.5829915690064995
./data/matek19/EOS/EOS_0039.tiff,1,0.03150460191603647
./data/matek19/EOS/EOS_0040.tiff,1,0.2520013927689181
./data/matek19/EOS/EOS_0041.tiff,1,-0.5745403989784402
./data/matek19/EOS/EOS_0042.tiff,1,-1.4035540237533999
./data/matek19/EOS/EOS_0043.tiff,1,-1.537477430180361
./data/matek19/EOS/EOS_0044.tiff,1,0.0549887623557789
./data/matek19/EOS/EOS_0045.tiff,1,-0.772574974430796
./data/matek19/EOS/EOS_0046.tiff,1,1.1958596148299412
./data/matek19/EOS/EOS_0047.tiff,1,0.1358835048009066
./data/matek19/EOS/EOS_0049.tiff,1,0.6413265741705507
./data/matek19/EOS/EOS_0050.tiff,1,-1.0430269462301411
./data/matek19/EOS/EOS_0052.tiff,1,0.4394414523699211
./data/matek19/EOS/EOS_0053.tiff,1,1.2189559519973405
./data/matek19/EOS/EOS_0054.tiff,1,-0.2979089470127064
./data/matek19/EOS/EOS_0055.tiff,1,-0.7053188522211898
./data/matek19/EOS/EOS_0056.tiff,1,0.1929782063711724
./data/matek19/EOS/EOS_0059.tiff,1,1.075189544588467
./data/matek19/EOS/EOS_0060.tiff,1,-0.3269890532549909
./data/matek19/EOS/EOS_0061.tiff,1,-0.4871538199441611
./data/matek19/EOS/EOS_0062.tiff,1,1.616318098244863
./data/matek19/EOS/EOS_0063.tiff,1,0.24566521750669293
./data/matek19/EOS/EOS_0064.tiff,1,1.2842732094955849
./data/matek19/EOS/EOS_0065.tiff,1,0.11321694525955904
./data/matek19/EOS/EOS_0067.tiff,1,1.1283137249439736
./data/matek19/EOS/EOS_0068.tiff,1,-0.2352858975315462
./data/matek19/EOS/EOS_0070.tiff,1,0.41115027437935103
./data/matek19/EOS/EOS_0072.tiff,1,0.7032638092995874
./data/matek19/EOS/EOS_0074.tiff,1,1.58124445137079
./data/matek19/EOS/EOS_0075.tiff,1,0.6469338926438452
./data/matek19/EOS/EOS_0076.tiff,1,-1.122658007744671
./data/matek19/EOS/EOS_0077.tiff,1,-2.2347142118099037
./data/matek19/EOS/EOS_0078.tiff,1,0.2055642841247912
./data/matek19/EOS/EOS_0079.tiff,1,0.4403935191937318
./data/matek19/EOS/EOS_0080.tiff,1,-0.8081570787503287
./data/matek19/EOS/EOS_0081.tiff,1,0.004417970292682007
./data/matek19/EOS/EOS_0082.tiff,1,0.4873462343611173
./data/matek19/EOS/EOS_0083.tiff,1,0.4408320166432768
./data/matek19/EOS/EOS_0085.tiff,1,1.8281637200436602
./data/matek19/EOS/EOS_0086.tiff,1,-1.1231690173864526
./data/matek19/EOS/EOS_0087.tiff,1,-0.10702487697622409
./data/matek19/EOS/EOS_0088.tiff,1,-0.4787348868397547
./data/matek19/EOS/EOS_0089.tiff,1,-1.1753803708293036
./data/matek19/EOS/EOS_0091.tiff,1,-1.1463004579580935
./data/matek19/EOS/EOS_0092.tiff,1,-1.0874005250671608
./data/matek19/EOS/EOS_0093.tiff,1,-0.04383034379719483
./data/matek19/EOS/EOS_0094.tiff,1,0.8246981672357071
./data/matek19/EOS/EOS_0097.tiff,1,0.2160974097427939
./data/matek19/EOS/EOS_0098.tiff,1,1.0693691571786335
./data/matek19/EOS/EOS_0100.tiff,1,-0.0483144362259789
./data/matek19/EOS/EOS_0102.tiff,1,-0.5709178111935701
./data/matek19/EOS/EOS_0103.tiff,1,-0.5249244317439882
./data/matek19/EOS/EOS_0104.tiff,1,0.08935580217550368
./data/matek19/EOS/EOS_0105.tiff,1,0.6677103335018336
./data/matek19/EOS/EOS_0106.tiff,1,-0.15760798156489614
./data/matek19/EOS/EOS_0107.tiff,1,1.2052467410054115
./data/matek19/EOS/EOS_0108.tiff,1,0.35956058682216047
./data/matek19/EOS/EOS_0109.tiff,1,-1.3724294446878222
./data/matek19/EOS/EOS_0111.tiff,1,-0.5254065174812952
./data/matek19/EOS/EOS_0112.tiff,1,2.400130632829192
./data/matek19/EOS/EOS_0113.tiff,1,-1.1736761056819762
./data/matek19/EOS/EOS_0115.tiff,1,-0.9531352946089117
./data/matek19/EOS/EOS_0116.tiff,1,-0.7105311586407681
./data/matek19/EOS/EOS_0117.tiff,1,0.24777328797626608
./data/matek19/EOS/EOS_0119.tiff,1,-1.1492665957711148
./data/matek19/EOS/EOS_0120.tiff,1,-0.4760514900320528
./data/matek19/EOS/EOS_0121.tiff,1,1.9823446435707281
./data/matek19/EOS/EOS_0123.tiff,1,0.5169299738541903
./data/matek19/EOS/EOS_0124.tiff,1,1.4059894945970912
./data/matek19/EOS/EOS_0125.tiff,1,-0.23292713400719872
./data/matek19/EOS/EOS_0126.tiff,1,0.40511066841236615
./data/matek19/EOS/EOS_0127.tiff,1,1.0447374987316038
./data/matek19/EOS/EOS_0128.tiff,1,0.8668524063721639
./data/matek19/EOS/EOS_0129.tiff,1,-0.5996363879552908
./data/matek19/EOS/EOS_0130.tiff,1,-0.10904605931546042
./data/matek19/EOS/EOS_0131.tiff,1,2.111011767587484
./data/matek19/EOS/EOS_0132.tiff,1,-0.6437884714114415
./data/matek19/EOS/EOS_0133.tiff,1,-2.4475636953834297
./data/matek19/EOS/EOS_0135.tiff,1,-0.23773904948970306
./data/matek19/EOS/EOS_0136.tiff,1,1.0666487682964045
./data/matek19/EOS/EOS_0137.tiff,1,1.363050392020383
./data/matek19/EOS/EOS_0139.tiff,1,1.808550104461493
./data/matek19/EOS/EOS_0141.tiff,1,0.15255308495075115
./data/matek19/EOS/EOS_0143.tiff,1,0.7941454113453682
./data/matek19/EOS/EOS_0144.tiff,1,-0.5699881790030894
./data/matek19/EOS/EOS_0145.tiff,1,1.0416836901827096
./data/matek19/EOS/EOS_0147.tiff,1,-1.2776175244094234
./data/matek19/EOS/EOS_0148.tiff,1,0.5252858547310791
./data/matek19/EOS/EOS_0149.tiff,1,-0.16907145635111273
./data/matek19/EOS/EOS_0150.tiff,1,-1.9837244578272877
./data/matek19/EOS/EOS_0151.tiff,1,2.0470360052418544
./data/matek19/EOS/EOS_0152.tiff,1,-1.1325606064921097
./data/matek19/EOS/EOS_0153.tiff,1,1.0472243643236887
./data/matek19/EOS/EOS_0154.tiff,1,-1.8604071115199015
./data/matek19/EOS/EOS_0155.tiff,1,-0.779849212667871
./data/matek19/EOS/EOS_0156.tiff,1,-0.464737159566265
./data/matek19/EOS/EOS_0157.tiff,1,0.0628928347316425
./data/matek19/EOS/EOS_0158.tiff,1,-1.1081205945161827
./data/matek19/EOS/EOS_0160.tiff,1,0.6358731288852568
./data/matek19/EOS/EOS_0163.tiff,1,1.390031568653918
./data/matek19/EOS/EOS_0164.tiff,1,-0.6972920664197744
./data/matek19/EOS/EOS_0165.tiff,1,2.586879838317759
./data/matek19/EOS/EOS_0166.tiff,1,0.3382639782394669
./data/matek19/EOS/EOS_0167.tiff,1,0.0007270023371129834
./data/matek19/EOS/EOS_0168.tiff,1,-0.3172698781977714
./data/matek19/EOS/EOS_0169.tiff,1,1.965987596735026
./data/matek19/EOS/EOS_0170.tiff,1,0.04621312921714674
./data/matek19/EOS/EOS_0171.tiff,1,-0.7444188588401369
./data/matek19/EOS/EOS_0172.tiff,1,0.32719045591290197
./data/matek19/EOS/EOS_0173.tiff,1,0.5584737894093951
./data/matek19/EOS/EOS_0174.tiff,1,0.2701811714454003
./data/matek19/EOS/EOS_0175.tiff,1,-0.5405416378548837
./data/matek19/EOS/EOS_0176.tiff,1,-0.9932531262739117
./data/matek19/EOS/EOS_0177.tiff,1,-1.6263732174041905
./data/matek19/EOS/EOS_0178.tiff,1,-0.4430207078694932
./data/matek19/EOS/EOS_0179.tiff,1,-1.544047111647531
./data/matek19/EOS/EOS_0181.tiff,1,-0.7643992441554353
./data/matek19/EOS/EOS_0182.tiff,1,-0.9508373740663413
./data/matek19/EOS/EOS_0183.tiff,1,0.751808030138351
./data/matek19/EOS/EOS_0184.tiff,1,-0.0827771044311692
./data/matek19/EOS/EOS_0188.tiff,1,-0.8694815032903097
./data/matek19/EOS/EOS_0189.tiff,1,-1.9736242751603348
./data/matek19/EOS/EOS_0190.tiff,1,0.5620761076717348
./data/matek19/EOS/EOS_0191.tiff,1,-0.26703307510603197
./data/matek19/EOS/EOS_0193.tiff,1,1.0151992012224165
./data/matek19/EOS/EOS_0194.tiff,1,0.9339139337735881
./data/matek19/EOS/EOS_0195.tiff,1,0.07819404378571494
./data/matek19/EOS/EOS_0197.tiff,1,0.9619651932107645
./data/matek19/EOS/EOS_0199.tiff,1,0.6857355370885537
./data/matek19/EOS/EOS_0200.tiff,1,-0.14282264214325582
./data/matek19/EOS/EOS_0201.tiff,1,0.12179204172665137
./data/matek19/EOS/EOS_0205.tiff,1,-1.3423787918366932
./data/matek19/EOS/EOS_0206.tiff,1,-1.9798389755901635
./data/matek19/EOS/EOS_0207.tiff,1,0.025245930234360104
./data/matek19/EOS/EOS_0208.tiff,1,-0.8731556710564636
./data/matek19/EOS/EOS_0209.tiff,1,-0.33392401358597384
./data/matek19/EOS/EOS_0211.tiff,1,2.0313643240484285
./data/matek19/EOS/EOS_0212.tiff,1,-1.3613105954365374
./data/matek19/EOS/EOS_0213.tiff,1,-1.5610669617923063
./data/matek19/EOS/EOS_0215.tiff,1,-1.8736849751548144
./data/matek19/EOS/EOS_0217.tiff,1,-1.7885468868607446
./data/matek19/EOS/EOS_0219.tiff,1,-0.08223865257275174
./data/matek19/EOS/EOS_0220.tiff,1,-0.2874247648857904
./data/matek19/EOS/EOS_0221.tiff,1,0.24787208347916512
./data/matek19/EOS/EOS_0222.tiff,1,0.14667753941572934
./data/matek19/EOS/EOS_0223.tiff,1,1.3821493879163067
./data/matek19/EOS/EOS_0224.tiff,1,-0.6350238568422758
./data/matek19/EOS/EOS_0225.tiff,1,0.44085374021934143
./data/matek19/EOS/EOS_0226.tiff,1,-0.2335158061276427
./data/matek19/EOS/EOS_0227.tiff,1,1.5299243851435573
./data/matek19/EOS/EOS_0228.tiff,1,-0.6945445520158493
./data/matek19/EOS/EOS_0230.tiff,1,2.683215777297578
./data/matek19/EOS/EOS_0231.tiff,1,0.6227201754518489
./data/matek19/EOS/EOS_0232.tiff,1,-0.20546202014742762
./data/matek19/EOS/EOS_0234.tiff,1,-1.0587041296813318
./data/matek19/EOS/EOS_0235.tiff,1,-0.00011106424945651623
./data/matek19/EOS/EOS_0236.tiff,1,0.6920632779426895
./data/matek19/EOS/EOS_0237.tiff,1,0.4475927719738751
./data/matek19/EOS/EOS_0238.tiff,1,0.16912453001565067
./data/matek19/EOS/EOS_0239.tiff,1,-1.414377359773105
./data/matek19/EOS/EOS_0240.tiff,1,1.074352075019813
./data/matek19/EOS/EOS_0241.tiff,1,-1.1828462031700813
./data/matek19/EOS/EOS_0242.tiff,1,2.1575511666771505
./data/matek19/EOS/EOS_0244.tiff,1,0.4817022464329354
./data/matek19/EOS/EOS_0245.tiff,1,-0.38834872849577573
./data/matek19/EOS/EOS_0246.tiff,1,-1.2658928073299218
./data/matek19/EOS/EOS_0247.tiff,1,0.5739954005130441
./data/matek19/EOS/EOS_0249.tiff,1,0.8610917400923175
./data/matek19/EOS/EOS_0250.tiff,1,-0.17821173949950844
./data/matek19/EOS/EOS_0251.tiff,1,-0.30064899024248626
./data/matek19/EOS/EOS_0252.tiff,1,2.0822447986237345
./data/matek19/EOS/EOS_0253.tiff,1,-0.5593823295774956
./data/matek19/EOS/EOS_0255.tiff,1,0.6504220877027626
./data/matek19/EOS/EOS_0256.tiff,1,0.7126565728672624
./data/matek19/EOS/EOS_0258.tiff,1,0.5897879392173596
./data/matek19/EOS/EOS_0259.tiff,1,0.8521823075536775
./data/matek19/EOS/EOS_0260.tiff,1,-0.7152595258205807
./data/matek19/EOS/EOS_0261.tiff,1,-0.424273483050401
./data/matek19/EOS/EOS_0262.tiff,1,0.1793764200247237
./data/matek19/EOS/EOS_0265.tiff,1,0.940690631539256
./data/matek19/EOS/EOS_0267.tiff,1,-1.2321491463465295
./data/matek19/EOS/EOS_0268.tiff,1,0.4116457471263326
./data/matek19/EOS/EOS_0269.tiff,1,1.0333963637576054
./data/matek19/EOS/EOS_0270.tiff,1,-1.402002714762282
./data/matek19/EOS/EOS_0271.tiff,1,0.9221863172784759
./data/matek19/EOS/EOS_0273.tiff,1,1.4217370961612192
./data/matek19/EOS/EOS_0274.tiff,1,0.7402488984636165
./data/matek19/EOS/EOS_0275.tiff,1,1.62479797313762
./data/matek19/EOS/EOS_0277.tiff,1,0.34273085669778053
./data/matek19/EOS/EOS_0278.tiff,1,0.9451979509379861
./data/matek19/EOS/EOS_0279.tiff,1,-0.9020359421222636
./data/matek19/EOS/EOS_0280.tiff,1,-1.260566421380489
./data/matek19/EOS/EOS_0281.tiff,1,0.09346945943354641
./data/matek19/EOS/EOS_0283.tiff,1,-0.8367831189184306
./data/matek19/EOS/EOS_0284.tiff,1,0.7221165410094709
./data/matek19/EOS/EOS_0286.tiff,1,0.3937144141996169
./data/matek19/EOS/EOS_0287.tiff,1,1.4533344766030165
./data/matek19/EOS/EOS_0288.tiff,1,0.16235127196633203
./data/matek19/EOS/EOS_0289.tiff,1,1.3560257677733465
./data/matek19/EOS/EOS_0290.tiff,1,1.5905447021753858
./data/matek19/EOS/EOS_0291.tiff,1,0.7967187561427315
./data/matek19/EOS/EOS_0292.tiff,1,-1.8536528174030027
./data/matek19/EOS/EOS_0293.tiff,1,-1.2705127952471629
./data/matek19/EOS/EOS_0294.tiff,1,1.3746649994366285
./data/matek19/EOS/EOS_0295.tiff,1,0.2662532808336663
./data/matek19/EOS/EOS_0296.tiff,1,-1.295325980949549
./data/matek19/EOS/EOS_0297.tiff,1,0.10750537694243438
./data/matek19/EOS/EOS_0298.tiff,1,-1.0165751075803768
./data/matek19/EOS/EOS_0300.tiff,1,0.9567052744389014
./data/matek19/EOS/EOS_0301.tiff,1,-0.640797946766307
./data/matek19/EOS/EOS_0303.tiff,1,-0.09286423091318118
./data/matek19/EOS/EOS_0304.tiff,1,-0.758661434514247
./data/matek19/EOS/EOS_0306.tiff,1,-0.8468595673022522
./data/matek19/EOS/EOS_0307.tiff,1,1.7303289258808328
./data/matek19/EOS/EOS_0308.tiff,1,0.825870026783768
./data/matek19/EOS/EOS_0310.tiff,1,-0.9668124125240988
./data/matek19/EOS/EOS_0311.tiff,1,0.4404263222189386
./data/matek19/EOS/EOS_0313.tiff,1,0.5155476147139645
./data/matek19/EOS/EOS_0314.tiff,1,0.6964035547098644
./data/matek19/EOS/EOS_0315.tiff,1,-0.00648393558460052
./data/matek19/EOS/EOS_0316.tiff,1,-1.210051175948741
./data/matek19/EOS/EOS_0317.tiff,1,0.23585139223946652
./data/matek19/EOS/EOS_0318.tiff,1,0.8736255715601875
./data/matek19/EOS/EOS_0319.tiff,1,0.089169008229088
./data/matek19/EOS/EOS_0320.tiff,1,0.728027940189035
./data/matek19/EOS/EOS_0322.tiff,1,-1.890642653648833
./data/matek19/EOS/EOS_0323.tiff,1,-0.8689014432645682
./data/matek19/EOS/EOS_0326.tiff,1,0.9207939225239129
./data/matek19/EOS/EOS_0330.tiff,1,-1.5386861420728628
./data/matek19/EOS/EOS_0331.tiff,1,-0.3197078068485992
./data/matek19/EOS/EOS_0333.tiff,1,0.41011693303461844
./data/matek19/EOS/EOS_0334.tiff,1,-0.47532727109407097
./data/matek19/EOS/EOS_0335.tiff,1,0.780570631403479
./data/matek19/EOS/EOS_0336.tiff,1,-0.7263845607164321
./data/matek19/EOS/EOS_0337.tiff,1,0.18498371404783678
./data/matek19/EOS/EOS_0338.tiff,1,-0.6749706183021329
./data/matek19/EOS/EOS_0340.tiff,1,-0.12667743043022264
./data/matek19/EOS/EOS_0341.tiff,1,-1.08775083658782
./data/matek19/EOS/EOS_0343.tiff,1,0.16436954250075092
./data/matek19/EOS/EOS_0344.tiff,1,-1.17627628206922
./data/matek19/EOS/EOS_0345.tiff,1,-0.821480181148409
./data/matek19/EOS/EOS_0347.tiff,1,-0.4976118206558492
./data/matek19/EOS/EOS_0349.tiff,1,1.5244439826800893
./data/matek19/EOS/EOS_0350.tiff,1,-1.292967935311749
./data/matek19/EOS/EOS_0352.tiff,1,2.332820974195445
./data/matek19/EOS/EOS_0353.tiff,1,-0.3923658361018402
./data/matek19/EOS/EOS_0354.tiff,1,-1.2893979982341544
./data/matek19/EOS/EOS_0355.tiff,1,0.05186814735953466
./data/matek19/EOS/EOS_0357.tiff,1,-0.12948447508571
./data/matek19/EOS/EOS_0359.tiff,1,0.47360417563290785
./data/matek19/EOS/EOS_0360.tiff,1,-1.224875439361795
./data/matek19/EOS/EOS_0361.tiff,1,1.740126800457954
./data/matek19/EOS/EOS_0362.tiff,1,1.7630283678224887
./data/matek19/EOS/EOS_0363.tiff,1,0.781892325990578
./data/matek19/EOS/EOS_0364.tiff,1,0.04403279951142967
./data/matek19/EOS/EOS_0365.tiff,1,-1.2073009226877771
./data/matek19/EOS/EOS_0366.tiff,1,-0.5022476968893985
./data/matek19/EOS/EOS_0367.tiff,1,-1.321513585507702
./data/matek19/EOS/EOS_0368.tiff,1,-0.8021316268748524
./data/matek19/EOS/EOS_0369.tiff,1,0.6748981105246611
./data/matek19/EOS/EOS_0371.tiff,1,1.83544701255941
./data/matek19/EOS/EOS_0372.tiff,1,0.3009972102696633
./data/matek19/EOS/EOS_0373.tiff,1,-2.0826869643379533
./data/matek19/EOS/EOS_0374.tiff,1,-0.3497082202777375
./data/matek19/EOS/EOS_0375.tiff,1,0.36858542929979954
./data/matek19/EOS/EOS_0376.tiff,1,-0.7284606848101094
./data/matek19/EOS/EOS_0377.tiff,1,0.5045308115695372
./data/matek19/EOS/EOS_0378.tiff,1,-0.5586941901991396
./data/matek19/EOS/EOS_0379.tiff,1,1.8260496327360332
./data/matek19/EOS/EOS_0380.tiff,1,0.9339022688108134
./data/matek19/EOS/EOS_0381.tiff,1,0.8148008624646439
./data/matek19/EOS/EOS_0382.tiff,1,0.767962896472549
./data/matek19/EOS/EOS_0384.tiff,1,-0.8713145749555755
./data/matek19/EOS/EOS_0385.tiff,1,0.32535064149996773
./data/matek19/EOS/EOS_0386.tiff,1,-0.3083374238534335
./data/matek19/EOS/EOS_0387.tiff,1,0.5328023519268539
./data/matek19/EOS/EOS_0388.tiff,1,-0.5336440701177582
./data/matek19/EOS/EOS_0389.tiff,1,-0.7670912920617076
./data/matek19/EOS/EOS_0390.tiff,1,0.1723402811627982
./data/matek19/EOS/EOS_0391.tiff,1,-1.9780961559237435
./data/matek19/EOS/EOS_0392.tiff,1,-2.5513930334070345
./data/matek19/EOS/EOS_0393.tiff,1,-0.07080122092326743
./data/matek19/EOS/EOS_0394.tiff,1,-0.649659289899078
./data/matek19/EOS/EOS_0395.tiff,1,0.788227264778167
./data/matek19/EOS/EOS_0396.tiff,1,-0.88000807258059
./data/matek19/EOS/EOS_0398.tiff,1,-1.0395074424397674
./data/matek19/EOS/EOS_0399.tiff,1,-1.3599023023891461
./data/matek19/EOS/EOS_0400.tiff,1,0.7875339366703703
./data/matek19/EOS/EOS_0401.tiff,1,-0.33893530597062305
./data/matek19/EOS/EOS_0402.tiff,1,1.048888034962068
./data/matek19/EOS/EOS_0403.tiff,1,2.119914068577284
./data/matek19/EOS/EOS_0404.tiff,1,0.253144725998613
./data/matek19/EOS/EOS_0405.tiff,1,-1.3546828790663625
./data/matek19/EOS/EOS_0406.tiff,1,-0.19969511347002192
./data/matek19/EOS/EOS_0407.tiff,1,-2.703025770453418
./data/matek19/EOS/EOS_0408.tiff,1,-1.9323540154913506
./data/matek19/EOS/EOS_0409.tiff,1,-1.1910965800105622
./data/matek19/EOS/EOS_0411.tiff,1,-1.0199121220616671
./data/matek19/EOS/EOS_0412.tiff,1,0.9622249607938562
./data/matek19/EOS/EOS_0413.tiff,1,0.012364898950742035
./data/matek19/EOS/EOS_0414.tiff,1,0.0016172548024493841
./data/matek19/EOS/EOS_0416.tiff,1,-0.8895821629078493
./data/matek19/EOS/EOS_0417.tiff,1,1.1230932044986721
./data/matek19/EOS/EOS_0418.tiff,1,-0.5659163814738678
./data/matek19/EOS/EOS_0419.tiff,1,-0.7991778418890242
./data/matek19/EOS/EOS_0420.tiff,1,-0.30753314136847665
./data/matek19/EOS/EOS_0422.tiff,1,-1.3206637804854056
./data/matek19/EOS/EOS_0423.tiff,1,0.9776051383682123
./data/matek19/KSC/KSC_0001.tiff,12,-1.6250370796700926
./data/matek19/KSC/KSC_0002.tiff,12,-0.6633332543648892
./data/matek19/KSC/KSC_0003.tiff,12,-0.7535552108826185
./data/matek19/KSC/KSC_0004.tiff,12,-0.44961024207588857
./data/matek19/KSC/KSC_0005.tiff,12,0.631144669451854
./data/matek19/KSC/KSC_0006.tiff,12,-0.43276046100862453
./data/matek19/KSC/KSC_0007.tiff,12,0.15640942368990543
./data/matek19/KSC/KSC_0008.tiff,12,-1.393660357720136
./data/matek19/KSC/KSC_0009.tiff,12,-0.438924924167121
./data/matek19/KSC/KSC_0010.tiff,12,-0.36201283406995954
./data/matek19/KSC/KSC_0011.tiff,12,0.24828530844262925
./data/matek19/KSC/KSC_0012.tiff,12,-2.6272651312792594
./data/matek19/KSC/KSC_0014.tiff,12,-2.1332853967926084
./data/matek19/KSC/KSC_0015.tiff,12,0.8179535150703694
./data/matek19/LYA/LYA_0001.tiff,11,-1.6900204505519274
./data/matek19/LYA/LYA_0002.tiff,11,1.380194101874991
./data/matek19/LYA/LYA_0003.tiff,11,-0.36282341808113805
./data/matek19/LYA/LYA_0004.tiff,11,0.33556525937683424
./data/matek19/LYA/LYA_0005.tiff,11,-0.7317269972043224
./data/matek19/LYA/LYA_0006.tiff,11,0.5124249185726892
./data/matek19/LYA/LYA_0007.tiff,11,-0.4602764755237744
./data/matek19/LYA/LYA_0008.tiff,11,0.4513640631256618
./data/matek19/LYA/LYA_0009.tiff,11,-0.3169512781970489
./data/matek19/LYA/LYA_0010.tiff,11,-0.9131107792935558
./data/matek19/LYA/LYA_0011.tiff,11,-0.7607935332148776
./data/matek19/LYT/LYT_0001.tiff,10,-0.3237542355721321
./data/matek19/LYT/LYT_0002.tiff,10,-0.842550350183852
./data/matek19/LYT/LYT_0003.tiff,10,1.0373228395544427
./data/matek19/LYT/LYT_0004.tiff,10,-0.18471750725400254
./data/matek19/LYT/LYT_0006.tiff,10,1.0745749624141834
./data/matek19/LYT/LYT_0007.tiff,10,1.0718996768649773
./data/matek19/LYT/LYT_0008.tiff,10,0.37297402992927214
./data/matek19/LYT/LYT_0009.tiff,10,0.41298653983152955
./data/matek19/LYT/LYT_0010.tiff,10,-1.9095152216180329
./data/matek19/LYT/LYT_0011.tiff,10,0.269917853733445
./data/matek19/LYT/LYT_0012.tiff,10,-0.1972892283286881
./data/matek19/LYT/LYT_0013.tiff,10,-0.19889153286957995
./data/matek19/LYT/LYT_0015.tiff,10,2.0152667898372707
./data/matek19/LYT/LYT_0016.tiff,10,1.378204187043465
./data/matek19/LYT/LYT_0017.tiff,10,0.48006385793598866
./data/matek19/LYT/LYT_0018.tiff,10,-0.3630519585286834
./data/matek19/LYT/LYT_0020.tiff,10,0.6999546477998936
./data/matek19/LYT/LYT_0021.tiff,10,1.2396808075151569
./data/matek19/LYT/LYT_0022.tiff,10,0.011349358409016753
./data/matek19/LYT/LYT_0026.tiff,10,-0.5559911934417177
./data/matek19/LYT/LYT_0027.tiff,10,-0.8542195079860868
./data/matek19/LYT/LYT_0028.tiff,10,1.721457164191995
./data/matek19/LYT/LYT_0029.tiff,10,0.16562784121226987
./data/matek19/LYT/LYT_0030.tiff,10,3.382559002094839
./data/matek19/LYT/LYT_0031.tiff,10,0.2545843093429935
./data/matek19/LYT/LYT_0032.tiff,10,0.6894452785643728
./data/matek19/LYT/LYT_0033.tiff,10,-0.9011550262880025
./data/matek19/LYT/LYT_0034.tiff,10,-1.0325849265597526
./data/matek19/LYT/LYT_0036.tiff,10,0.6532680307417561
./data/matek19/LYT/LYT_0038.tiff,10,1.6687202599335544
./data/matek19/LYT/LYT_0039.tiff,10,-0.9813981083708945
./data/matek19/LYT/LYT_0041.tiff,10,0.5761589645620178
./data/matek19/LYT/LYT_0042.tiff,10,-1.0546505004643236
./data/matek19/LYT/LYT_0044.tiff,10,-0.5830632501832865
./data/matek19/LYT/LYT_0046.tiff,10,0.7757091985606633
./data/matek19/LYT/LYT_0047.tiff,10,-0.7775192047251436
./data/matek19/LYT/LYT_0048.tiff,10,0.18340439239017778
./data/matek19/LYT/LYT_0049.tiff,10,-0.45205012711546816
./data/matek19/LYT/LYT_0050.tiff,10,1.4440748102532672
./data/matek19/LYT/LYT_0051.tiff,10,-1.632226990113931
./data/matek19/LYT/LYT_0052.tiff,10,-1.6695728733930797
./data/matek19/LYT/LYT_0053.tiff,10,-0.6039187809571475
./data/matek19/LYT/LYT_0054.tiff,10,-0.20866089174279684
./data/matek19/LYT/LYT_0055.tiff,10,-1.2887101761628312
./data/matek19/LYT/LYT_0056.tiff,10,0.3118431162233701
./data/matek19/LYT/LYT_0058.tiff,10,-0.34365161016213663
./data/matek19/LYT/LYT_0060.tiff,10,-0.314303323883694
./data/matek19/LYT/LYT_0061.tiff,10,1.823119520165346
./data/matek19/LYT/LYT_0062.tiff,10,-0.23030696776322532
./data/matek19/LYT/LYT_0063.tiff,10,-1.447153805829755
./data/matek19/LYT/LYT_0064.tiff,10,0.8602351394291483
./data/matek19/LYT/LYT_0065.tiff,10,-0.22502679042973367
./data/matek19/LYT/LYT_0066.tiff,10,0.6470591523435526
./data/matek19/LYT/LYT_0067.tiff,10,0.2098093219799912
./data/matek19/LYT/LYT_0068.tiff,10,-0.9906147554127868
./data/matek19/LYT/LYT_0069.tiff,10,0.8933986015161118
./data/matek19/LYT/LYT_0073.tiff,10,0.8163931099334207
./data/matek19/LYT/LYT_0074.tiff,10,-0.7101957424756866
./data/matek19/LYT/LYT_0075.tiff,10,-0.2449386552446633
./data/matek19/LYT/LYT_0076.tiff,10,0.3067308224598315
./data/matek19/LYT/LYT_0077.tiff,10,-1.0974387774319765
./data/matek19/LYT/LYT_0079.tiff,10,-1.4131286857608987
./data/matek19/LYT/LYT_0080.tiff,10,0.11365330417462571
./data/matek19/LYT/LYT_0081.tiff,10,-0.5512150626363673
./data/matek19/LYT/LYT_0082.tiff,10,-0.5890149548271499
./data/matek19/LYT/LYT_0083.tiff,10,-0.23806583971723586
./data/matek19/LYT/LYT_0084.tiff,10,0.44051152576009134
./data/matek19/LYT/LYT_0085.tiff,10,0.16004770778499908
./data/matek19/LYT/LYT_0086.tiff,10,-0.047906804890314035
./data/matek19/LYT/LYT_0087.tiff,10,0.24189823314031397
./data/matek19/LYT/LYT_0088.tiff,10,0.2677097090334478
./data/matek19/LYT/LYT_0090.tiff,10,-1.2155096000214551
./data/matek19/LYT/LYT_0091.tiff,10,0.719654326220955
./data/matek19/LYT/LYT_0093.tiff,10,0.8834816277390476
./data/matek19/LYT/LYT_0094.tiff,10,-0.3412807850439252
./data/matek19/LYT/LYT_0095.tiff,10,0.41763858092836464
./data/matek19/LYT/LYT_0096.tiff,10,-1.0008962285674132
./data/matek19/LYT/LYT_0097.tiff,10,-0.08880541185251539
./data/matek19/LYT/LYT_0098.tiff,10,1.9032764305286176
./data/matek19/LYT/LYT_0099.tiff,10,-0.17972190524761003
./data/matek19/LYT/LYT_0101.tiff,10,0.026611937535913063
./data/matek19/LYT/LYT_0102.tiff,10,1.6373655428382257
./data/matek19/LYT/LYT_0103.tiff,10,-0.08570062873949763
./data/matek19/LYT/LYT_0104.tiff,10,-0.3049102157401632
./data/matek19/LYT/LYT_0105.tiff,10,-0.5496017169716678
./data/matek19/LYT/LYT_0106.tiff,10,0.5028372032613606
./data/matek19/LYT/LYT_0108.tiff,10,-0.061793069815724445
./data/matek19/LYT/LYT_0111.tiff,10,-0.3646237741958896
./data/matek19/LYT/LYT_0112.tiff,10,1.0734250738998528
./data/matek19/LYT/LYT_0113.tiff,10,0.9533763256655065
./data/matek19/LYT/LYT_0114.tiff,10,0.5933373431133018
./data/matek19/LYT/LYT_0115.tiff,10,2.554367650571036
./data/matek19/LYT/LYT_0116.tiff,10,-2.0861324327102575
./data/matek19/LYT/LYT_0117.tiff,10,-0.733523293447074
./data/matek19/LYT/LYT_0119.tiff,10,1.3201527171855512
./data/matek19/LYT/LYT_0121.tiff,10,-1.3177746277591675
./data/matek19/LYT/LYT_0122.tiff,10,-0.5644161866062121
./data/matek19/LYT/LYT_0123.tiff,10,0.30128841552991736
./data/matek19/LYT/LYT_0124.tiff,10,0.19276805462419602
./data/matek19/LYT/LYT_0127.tiff,10,-0.5404720170041969
./data/matek19/LYT/LYT_0128.tiff,10,-0.08851228642015412
./data/matek19/LYT/LYT_0130.tiff,10,-0.914432340795545
./data/matek19/LYT/LYT_0131.tiff,10,-0.877651078052686
./data/matek19/LYT/LYT_0132.tiff,10,0.03922783776856177
./data/matek19/LYT/LYT_0133.tiff,10,-0.8543956829336387
./data/matek19/LYT/LYT_0134.tiff,10,0.6566843329626805
./data/matek19/LYT/LYT_0136.tiff,10,-0.18516872931694398
./data/matek19/LYT/LYT_0140.tiff,10,0.4576078328878194
./data/matek19/LYT/LYT_0141.tiff,10,1.023665342784562
./data/matek19/LYT/LYT_0143.tiff,10,0.5314060267219429
./data/matek19/LYT/LYT_0144.tiff,10,-1.2428999852631784
./data/matek19/LYT/LYT_0145.tiff,10,0.41511421406011445
./data/matek19/LYT/LYT_0146.tiff,10,-0.25869811149465505
./data/matek19/LYT/LYT_0147.tiff,10,-0.33634784310193616
./data/matek19/LYT/LYT_0149.tiff,10,0.5680888787696177
./data/matek19/LYT/LYT_0151.tiff,10,-0.9061315006792899
./data/matek19/LYT/LYT_0153.tiff,10,0.48502983382417064
./data/matek19/LYT/LYT_0154.tiff,10,-0.6187134307614772
./data/matek19/LYT/LYT_0156.tiff,10,-0.38142130664136087
./data/matek19/LYT/LYT_0157.tiff,10,-1.6700873551349587
./data/matek19/LYT/LYT_0158.tiff,10,-0.5941389904006414
./data/matek19/LYT/LYT_0159.tiff,10,0.391847166308183
./data/matek19/LYT/LYT_0160.tiff,10,-0.7794859268848777
./data/matek19/LYT/LYT_0161.tiff,10,-1.3074249762482406
./data/matek19/LYT/LYT_0163.tiff,10,0.7452371869073542
./data/matek19/LYT/LYT_0164.tiff,10,-0.6655829279207247
./data/matek19/LYT/LYT_0165.tiff,10,-0.2722917949049132
./data/matek19/LYT/LYT_0166.tiff,10,0.14251516326475766
./data/matek19/LYT/LYT_0168.tiff,10,-0.06879436736811274
./data/matek19/LYT/LYT_0169.tiff,10,-0.6472748252701688
./data/matek19/LYT/LYT_0170.tiff,10,1.0337704502504583
./data/matek19/LYT/LYT_0171.tiff,10,-0.313792779860571
./data/matek19/LYT/LYT_0173.tiff,10,0.17210666137010205
./data/matek19/LYT/LYT_0174.tiff,10,-0.1812003956311841
./data/matek19/LYT/LYT_0175.tiff,10,-0.2726702508323423
./data/matek19/LYT/LYT_0177.tiff,10,0.10174907131536107
./data/matek19/LYT/LYT_0178.tiff,10,-1.5632578632928664
./data/matek19/LYT/LYT_0179.tiff,10,-0.19082413074273877
./data/matek19/LYT/LYT_0180.tiff,10,1.9570031188910384
./data/matek19/LYT/LYT_0181.tiff,10,0.25107296544407925
./data/matek19/LYT/LYT_0182.tiff,10,0.11253035390856163
./data/matek19/LYT/LYT_0183.tiff,10,-1.8992469886053474
./data/matek19/LYT/LYT_0184.tiff,10,0.7545148289576494
./data/matek19/LYT/LYT_0185.tiff,10,0.2738977124703458
./data/matek19/LYT/LYT_0186.tiff,10,0.9373814843730522
./data/matek19/LYT/LYT_0187.tiff,10,-1.1767235060717107
./data/matek19/LYT/LYT_0189.tiff,10,-0.6666601353715995
./data/matek19/LYT/LYT_0190.tiff,10,0.29712617784435325
./data/matek19/LYT/LYT_0191.tiff,10,-0.2936789884588483
./data/matek19/LYT/LYT_0192.tiff,10,0.3938783429240789
./data/matek19/LYT/LYT_0193.tiff,10,-0.8768616613575743
./data/matek19/LYT/LYT_0194.tiff,10,-1.6270422119668544
./data/matek19/LYT/LYT_0195.tiff,10,-0.2323664816785899
./data/matek19/LYT/LYT_0198.tiff,10,0.14430015697044396
./data/matek19/LYT/LYT_0199.tiff,10,0.31702956827748163
./data/matek19/LYT/LYT_0200.tiff,10,1.289859925528092
./data/matek19/LYT/LYT_0201.tiff,10,-0.7987431690943843
./data/matek19/LYT/LYT_0202.tiff,10,0.8604074333520038
./data/matek19/LYT/LYT_0203.tiff,10,-0.3782107453821343
./data/matek19/LYT/LYT_0205.tiff,10,-0.7761799722827396
./data/matek19/LYT/LYT_0207.tiff,10,0.4203097038854959
./data/matek19/LYT/LYT_0208.tiff,10,0.3481771487501055
./data/matek19/LYT/LYT_0209.tiff,10,-0.7484086359609441
./data/matek19/LYT/LYT_0210.tiff,10,-0.7490124612398978
./data/matek19/LYT/LYT_0211.tiff,10,-1.247659664746565
./data/matek19/LYT/LYT_0212.tiff,10,-1.7627463727066042
./data/matek19/LYT/LYT_0215.tiff,10,0.3120956770219226
./data/matek19/LYT/LYT_0216.tiff,10,0.44778898815172186
./data/matek19/LYT/LYT_0217.tiff,10,0.016734228753611875
./data/matek19/LYT/LYT_0218.tiff,10,-0.10471765382213902
./data/matek19/LYT/LYT_0219.tiff,10,0.1892820509767699
./data/matek19/LYT/LYT_0220.tiff,10,-0.6585918561010302
./data/matek19/LYT/LYT_0221.tiff,10,-1.635305473198165
./data/matek19/LYT/LYT_0223.tiff,10,-0.7607117322734577
./data/matek19/LYT/LYT_0224.tiff,10,0.08953620913562804
./data/matek19/LYT/LYT_0225.tiff,10,0.07508068794950114
./data/matek19/LYT/LYT_0226.tiff,10,0.6344416897736517
./data/matek19/LYT/LYT_0227.tiff,10,0.8087658509809905
./data/matek19/LYT/LYT_0228.tiff,10,1.5642775891421064
./data/matek19/LYT/LYT_0229.tiff,10,-0.12177956159128303
./data/matek19/LYT/LYT_0232.tiff,10,1.302886215288617
./data/matek19/LYT/LYT_0233.tiff,10,-0.07871466619447069
./data/matek19/LYT/LYT_0234.tiff,10,0.32708877908140777
./data/matek19/LYT/LYT_0236.tiff,10,0.721247977655402
./data/matek19/LYT/LYT_0237.tiff,10,0.4474643207707272
./data/matek19/LYT/LYT_0239.tiff,10,-0.9548073712824047
./data/matek19/LYT/LYT_0240.tiff,10,-0.11351215105443895
./data/matek19/LYT/LYT_0241.tiff,10,2.0258511681167874
./data/matek19/LYT/LYT_0242.tiff,10,0.3411595324732175
./data/matek19/LYT/LYT_0243.tiff,10,-0.5294997251700135
./data/matek19/LYT/LYT_0244.tiff,10,-0.44540886862134327
./data/matek19/LYT/LYT_0245.tiff,10,-0.1115847742092612
./data/matek19/LYT/LYT_0246.tiff,10,0.9160405792026624
./data/matek19/LYT/LYT_0247.tiff,10,-0.3298120321160154
./data/matek19/LYT/LYT_0248.tiff,10,0.8015114135633709
./data/matek19/LYT/LYT_0249.tiff,10,1.1275085440868944
./data/matek19/LYT/LYT_0250.tiff,10,-1.0989333654315971
./data/matek19/LYT/LYT_0251.tiff,10,0.3028807793188798
./data/matek19/LYT/LYT_0252.tiff,10,-1.2852535992005027
./data/matek19/LYT/LYT_0253.tiff,10,0.26533390636393117
./data/matek19/LYT/LYT_0254.tiff,10,0.007466520150300603
./data/matek19/LYT/LYT_0255.tiff,10,0.1271154136449803
./data/matek19/LYT/LYT_0256.tiff,10,-1.0609141146012993
./data/matek19/LYT/LYT_0257.tiff,10,1.8814525306784038
./data/matek19/LYT/LYT_0258.tiff,10,-0.95804221988457
./data/matek19/LYT/LYT_0260.tiff,10,0.9762424180096833
./data/matek19/LYT/LYT_0261.tiff,10,0.6507625008006348
./data/matek19/LYT/LYT_0262.tiff,10,-0.46526815717375053
./data/matek19/LYT/LYT_0264.tiff,10,-1.2997616380337478
./data/matek19/LYT/LYT_0265.tiff,10,1.8872992395704484
./data/matek19/LYT/LYT_0266.tiff,10,-1.6195424213229468
./data/matek19/LYT/LYT_0267.tiff,10,-0.22777620320429245
./data/matek19/LYT/LYT_0268.tiff,10,-0.5187599209238761
./data/matek19/LYT/LYT_0269.tiff,10,0.20781786884689907
./data/matek19/LYT/LYT_0270.tiff,10,0.3726960720109915
./data/matek19/LYT/LYT_0271.tiff,10,0.7979424464634637
./data/matek19/LYT/LYT_0272.tiff,10,-0.5415884189786299
./data/matek19/LYT/LYT_0273.tiff,10,-1.024449224291906
./data/matek19/LYT/LYT_0275.tiff,10,0.7404398023998932
./data/matek19/LYT/LYT_0276.tiff,10,0.6335050588211812
./data/matek19/LYT/LYT_0277.tiff,10,-0.19921775517756005
./data/matek19/LYT/LYT_0278.tiff,10,0.18752294342920792
./data/matek19/LYT/LYT_0279.tiff,10,1.530734444953998
./data/matek19/LYT/LYT_0280.tiff,10,-0.6488410176016284
./data/matek19/LYT/LYT_0281.tiff,10,-0.4167429351693359
./data/matek19/LYT/LYT_0283.tiff,10,-0.6007450274472951
./data/matek19/LYT/LYT_0284.tiff,10,0.4088629607759147
./data/matek19/LYT/LYT_0285.tiff,10,0.3807926737916492
./data/matek19/LYT/LYT_0286.tiff,10,-0.7174108654939315
./data/matek19/LYT/LYT_0287.tiff,10,-0.39663656305095535
./data/matek19/LYT/LYT_0289.tiff,10,-0.6847236118394741
./data/matek19/LYT/LYT_0290.tiff,10,1.6802228032594453
./data/matek19/LYT/LYT_0291.tiff,10,0.22765504388434715
./data/matek19/LYT/LYT_0292.tiff,10,1.3510118054646032
./data/matek19/LYT/LYT_0293.tiff,10,0.08669357063256163
./data/matek19/LYT/LYT_0294.tiff,10,0.23374804458949489
./data/matek19/LYT/LYT_0295.tiff,10,-0.9078383690360308
./data/matek19/LYT/LYT_0296.tiff,10,-1.1298215082680987
./data/matek19/LYT/LYT_0298.tiff,10,0.12688959443641665
./data/matek19/LYT/LYT_0299.tiff,10,0.4563501617699119
./data/matek19/LYT/LYT_0300.tiff,10,0.21599292197991082
./data/matek19/LYT/LYT_0301.tiff,10,0.33236111104759647
./data/matek19/LYT/LYT_0303.tiff,10,-1.4656937815942952
./data/matek19/LYT/LYT_0304.tiff,10,-0.22627134133831034
./data/matek19/LYT/LYT_0306.tiff,10,-0.15364365068633193
./data/matek19/LYT/LYT_0308.tiff,10,0.11488313848679997
./data/matek19/LYT/LYT_0310.tiff,10,0.30388826588869877
./data/matek19/LYT/LYT_0311.tiff,10,1.3237173508635316
./data/matek19/LYT/LYT_0313.tiff,10,0.5577412517276106
./data/matek19/LYT/LYT_0315.tiff,10,0.6539056788402637
./data/matek19/LYT/LYT_0316.tiff,10,0.800481728845132
./data/matek19/LYT/LYT_0319.tiff,10,-0.9719598321867032
./data/matek19/LYT/LYT_0321.tiff,10,-0.13992785711321798
./data/matek19/LYT/LYT_0322.tiff,10,-0.6199587950890298
./data/matek19/LYT/LYT_0324.tiff,10,-0.8649387720918951
./data/matek19/LYT/LYT_0325.tiff,10,-0.43021774320230766
./data/matek19/LYT/LYT_0327.tiff,10,-1.0841278774009955
./data/matek19/LYT/LYT_0328.tiff,10,-1.1168579835829502
./data/matek19/LYT/LYT_0329.tiff,10,0.3759315642750167
./data/matek19/LYT/LYT_0330.tiff,10,-0.6926032940189113
./data/matek19/LYT/LYT_0331.tiff,10,0.47276281684273647
./data/matek19/LYT/LYT_0332.tiff,10,0.09800565702566567
./data/matek19/LYT/LYT_0334.tiff,10,1.6116825891289082
./data/matek19/LYT/LYT_0335.tiff,10,1.2238173973375368
./data/matek19/LYT/LYT_0336.tiff,10,-0.6335006632561359
./data/matek19/LYT/LYT_0337.tiff,10,-2.3414906980918806
./data/matek19/LYT/LYT_0338.tiff,10,2.413168878478902
./data/matek19/LYT/LYT_0339.tiff,10,-1.7835234831344873
./data/matek19/LYT/LYT_0340.tiff,10,-0.08423557736034834
./data/matek19/LYT/LYT_0341.tiff,10,0.06000815574953177
./data/matek19/LYT/LYT_0343.tiff,10,0.44381560694032485
./data/matek19/LYT/LYT_0344.tiff,10,0.02718913430047946
./data/matek19/LYT/LYT_0345.tiff,10,-1.3494880240549743
./data/matek19/LYT/LYT_0346.tiff,10,0.3011727119311591
./data/matek19/LYT/LYT_0348.tiff,10,0.9580117544633759
./data/matek19/LYT/LYT_0349.tiff,10,1.312376117072028
./data/matek19/LYT/LYT_0352.tiff,10,-0.5126576423913779
./data/matek19/LYT/LYT_0353.tiff,10,-1.123147397051115
./data/matek19/LYT/LYT_0354.tiff,10,-0.30109318229892346
./data/matek19/LYT/LYT_0355.tiff,10,0.13343952635295092
./data/matek19/LYT/LYT_0356.tiff,10,-0.9322908512754923
./data/matek19/LYT/LYT_0357.tiff,10,1.3000124567368612
./data/matek19/LYT/LYT_0358.tiff,10,1.1092705643574732
./data/matek19/LYT/LYT_0359.tiff,10,-0.3446617244860064
./data/matek19/LYT/LYT_0360.tiff,10,-0.3278994025927561
./data/matek19/LYT/LYT_0361.tiff,10,-0.6847888537625237
./data/matek19/LYT/LYT_0362.tiff,10,0.12882980378211514
./data/matek19/LYT/LYT_0363.tiff,10,1.0041705871683646
./data/matek19/LYT/LYT_0364.tiff,10,0.7275957259486809
./data/matek19/LYT/LYT_0365.tiff,10,1.3659777143802903
./data/matek19/LYT/LYT_0366.tiff,10,0.15632971885987604
./data/matek19/LYT/LYT_0367.tiff,10,-0.809357224134224
./data/matek19/LYT/LYT_0368.tiff,10,1.1555248414401214
./data/matek19/LYT/LYT_0369.tiff,10,-1.0268783968495376
./data/matek19/LYT/LYT_0372.tiff,10,0.5086313120122063
./data/matek19/LYT/LYT_0373.tiff,10,0.9045891757466386
./data/matek19/LYT/LYT_0375.tiff,10,-0.09392022764000202
./data/matek19/LYT/LYT_0376.tiff,10,0.7928367146342497
./data/matek19/LYT/LYT_0377.tiff,10,0.5574195478649826
./data/matek19/LYT/LYT_0378.tiff,10,0.2435549394028872
./data/matek19/LYT/LYT_0379.tiff,10,0.8006418471109817
./data/matek19/LYT/LYT_0381.tiff,10,0.060421495565427835
./data/matek19/LYT/LYT_0382.tiff,10,0.819701610283674
./data/matek19/LYT/LYT_0383.tiff,10,-2.2004370881936515
./data/matek19/LYT/LYT_0384.tiff,10,-0.9037208879856707
./data/matek19/LYT/LYT_0385.tiff,10,0.3828429881113822
./data/matek19/LYT/LYT_0387.tiff,10,-1.5106807674108484
./data/matek19/LYT/LYT_0389.tiff,10,0.6226971135548496
./data/matek19/LYT/LYT_0390.tiff,10,2.478264671032759
./data/matek19/LYT/LYT_0391.tiff,10,-0.5935422801437317
./data/matek19/LYT/LYT_0392.tiff,10,-0.4409489591336863
./data/matek19/LYT/LYT_0393.tiff,10,-0.9340263079280533
./data/matek19/LYT/LYT_0394.tiff,10,-0.504364322592826
./data/matek19/LYT/LYT_0395.tiff,10,-0.4308577925734862
./data/matek19/LYT/LYT_0396.tiff,10,1.5507390386686353
./data/matek19/LYT/LYT_0397.tiff,10,-1.0048398084390409
./data/matek19/LYT/LYT_0399.tiff,10,0.7588706003431311
./data/matek19/LYT/LYT_0400.tiff,10,-0.7554800801838933
./data/matek19/LYT/LYT_0401.tiff,10,1.167770716217998
./data/matek19/LYT/LYT_0402.tiff,10,-0.3102219182096462
./data/matek19/LYT/LYT_0403.tiff,10,1.3711718566831155
./data/matek19/LYT/LYT_0404.tiff,10,0.6325048656362815
./data/matek19/LYT/LYT_0405.tiff,10,0.3437556954299138
./data/matek19/LYT/LYT_0406.tiff,10,0.3721418964955695
./data/matek19/LYT/LYT_0407.tiff,10,0.24039267920537805
./data/matek19/LYT/LYT_0408.tiff,10,-0.5359812809599204
./data/matek19/LYT/LYT_0410.tiff,10,-1.082724348990688
./data/matek19/LYT/LYT_0411.tiff,10,1.1716131953764908
./data/matek19/LYT/LYT_0412.tiff,10,1.3993971031657515
./data/matek19/LYT/LYT_0415.tiff,10,0.8420547255467387
./data/matek19/LYT/LYT_0416.tiff,10,0.353477443954916
./data/matek19/LYT/LYT_0417.tiff,10,0.8514401914136552
./data/matek19/LYT/LYT_0418.tiff,10,-0.17686053075596272
./data/matek19/LYT/LYT_0419.tiff,10,-0.9441887543491091
./data/matek19/LYT/LYT_0420.tiff,10,0.36612142024204675
./data/matek19/LYT/LYT_0421.tiff,10,-0.9461741904716343
./data/matek19/LYT/LYT_0423.tiff,10,0.4758998444306783
./data/matek19/LYT/LYT_0424.tiff,10,-0.8163548828214906
./data/matek19/LYT/LYT_0427.tiff,10,0.9588385574795338
./data/matek19/LYT/LYT_0429.tiff,10,2.277970899382352
./data/matek19/LYT/LYT_0430.tiff,10,0.8675695214483159
./data/matek19/LYT/LYT_0434.tiff,10,0.9489067587154647
./data/matek19/LYT/LYT_0435.tiff,10,-0.13957325862999018
./data/matek19/LYT/LYT_0437.tiff,10,0.7376846784937673
./data/matek19/LYT/LYT_0439.tiff,10,-0.7972488510530474
./data/matek19/LYT/LYT_0440.tiff,10,-0.41796825274649496
./data/matek19/LYT/LYT_0441.tiff,10,0.497779617707533
./data/matek19/LYT/LYT_0442.tiff,10,-2.071551042658929
./data/matek19/LYT/LYT_0443.tiff,10,1.3666475399290523
./data/matek19/LYT/LYT_0447.tiff,10,-1.7514340126483294
./data/matek19/LYT/LYT_0448.tiff,10,1.4928713736893995
./data/matek19/LYT/LYT_0450.tiff,10,0.09077801390627684
./data/matek19/LYT/LYT_0451.tiff,10,-0.527990331427912
./data/matek19/LYT/LYT_0452.tiff,10,-1.05649346004004
./data/matek19/LYT/LYT_0453.tiff,10,2.5003672279634332
./data/matek19/LYT/LYT_0454.tiff,10,1.5793367796745896
./data/matek19/LYT/LYT_0455.tiff,10,-1.0465231267124304
./data/matek19/LYT/LYT_0456.tiff,10,1.3895234233185987
./data/matek19/LYT/LYT_0457.tiff,10,0.6544164330264758
./data/matek19/LYT/LYT_0458.tiff,10,0.9192065655451275
./data/matek19/LYT/LYT_0459.tiff,10,0.2053348489909555
./data/matek19/LYT/LYT_0460.tiff,10,-1.0868907418816256
./data/matek19/LYT/LYT_0461.tiff,10,0.9944740816671831
./data/matek19/LYT/LYT_0462.tiff,10,1.1005675390426242
./data/matek19/LYT/LYT_0463.tiff,10,-2.3514210381186476
./data/matek19/LYT/LYT_0464.tiff,10,-0.5346418085946086
./data/matek19/LYT/LYT_0465.tiff,10,1.0187761797367854
./data/matek19/LYT/LYT_0466.tiff,10,-0.21460103691558843
./data/matek19/LYT/LYT_0468.tiff,10,-0.9521941894266572
./data/matek19/LYT/LYT_0469.tiff,10,-1.5902780389680335
./data/matek19/LYT/LYT_0470.tiff,10,1.7695823457924162
./data/matek19/LYT/LYT_0471.tiff,10,-0.2098316047075754
./data/matek19/LYT/LYT_0472.tiff,10,0.17172632518321654
./data/matek19/LYT/LYT_0473.tiff,10,0.7112013987169896
./data/matek19/LYT/LYT_0474.tiff,10,0.8910811267535432
./data/matek19/LYT/LYT_0475.tiff,10,-2.226943877966849
./data/matek19/LYT/LYT_0476.tiff,10,-0.47676125450724993
./data/matek19/LYT/LYT_0477.tiff,10,-1.5325099150599881
./data/matek19/LYT/LYT_0478.tiff,10,-0.5020224876713861
./data/matek19/LYT/LYT_0479.tiff,10,-0.15425617857270144
./data/matek19/LYT/LYT_0480.tiff,10,1.0949345059400597
./data/matek19/LYT/LYT_0481.tiff,10,-0.25266387546933367
./data/matek19/LYT/LYT_0482.tiff,10,-0.5335924778537289
./data/matek19/LYT/LYT_0483.tiff,10,1.4023529152973286
./data/matek19/LYT/LYT_0484.tiff,10,1.6094835883138796
./data/matek19/LYT/LYT_0485.tiff,10,1.7126162030011158
./data/matek19/LYT/LYT_0486.tiff,10,-0.6322449242074868
./data/matek19/LYT/LYT_0488.tiff,10,1.0298610448837577
./data/matek19/LYT/LYT_0489.tiff,10,-0.07319543236120707
./data/matek19/LYT/LYT_0490.tiff,10,-0.9758644252234272
./data/matek19/LYT/LYT_0491.tiff,10,0.7722599949405158
./data/matek19/LYT/LYT_0492.tiff,10,-0.5445922940615718
./data/matek19/LYT/LYT_0493.tiff,10,-1.3222798738671544
./data/matek19/LYT/LYT_0495.tiff,10,-0.3124104438176527
./data/matek19/LYT/LYT_0497.tiff,10,-1.1393032052435796
./data/matek19/LYT/LYT_0498.tiff,10,0.9379669061803275
./data/matek19/LYT/LYT_0500.tiff,10,1.8308923840435756
./data/matek19/LYT/LYT_0501.tiff,10,0.9929727955823493
./data/matek19/LYT/LYT_0502.tiff,10,-1.996790946878222
./data/matek19/LYT/LYT_0503.tiff,10,-1.1789014693864677
./data/matek19/LYT/LYT_0504.tiff,10,0.48923637748678833
./data/matek19/LYT/LYT_0505.tiff,10,-0.08541351601912275
./data/matek19/LYT/LYT_0506.tiff,10,0.9870918980537685
./data/matek19/LYT/LYT_0507.tiff,10,-0.5603182509886527
./data/matek19/LYT/LYT_0508.tiff,10,0.8928502133072878
./data/matek19/LYT/LYT_0509.tiff,10,-0.3092113510849501
./data/matek19/LYT/LYT_0510.tiff,10,-1.397163860024438
./data/matek19/LYT/LYT_0511.tiff,10,2.505962180294817
./data/matek19/LYT/LYT_0513.tiff,10,-1.0490904712845168
./data/matek19/LYT/LYT_0514.tiff,10,0.7201915671054634
./data/matek19/LYT/LYT_0515.tiff,10,-1.5459219845454397
./data/matek19/LYT/LYT_0516.tiff,10,0.17582556913130698
./data/matek19/LYT/LYT_0517.tiff,10,0.6504666275084013
./data/matek19/LYT/LYT_0518.tiff,10,0.889658728689012
./data/matek19/LYT/LYT_0520.tiff,10,-1.1568719210424363
./data/matek19/LYT/LYT_0521.tiff,10,0.4299169385803571
./data/matek19/LYT/LYT_0522.tiff,10,0.3838091209724853
./data/matek19/LYT/LYT_0523.tiff,10,1.5547167809436115
./data/matek19/LYT/LYT_0524.tiff,10,0.14376172589378333
./data/matek19/LYT/LYT_0525.tiff,10,1.3860452946373698
./data/matek19/LYT/LYT_0526.tiff,10,-0.060847325535975265
./data/matek19/LYT/LYT_0527.tiff,10,-0.7933178950577531
./data/matek19/LYT/LYT_0528.tiff,10,-1.0725773783282748
./data/matek19/LYT/LYT_0529.tiff,10,-1.229643541265479
./data/matek19/LYT/LYT_0530.tiff,10,-0.0218344353017603
./data/matek19/LYT/LYT_0531.tiff,10,-0.09431346410203224
./data/matek19/LYT/LYT_0532.tiff,10,-0.28553779157664305
./data/matek19/LYT/LYT_0533.tiff,10,-1.2891833257674095
./data/matek19/LYT/LYT_0534.tiff,10,1.7346371114258474
./data/matek19/LYT/LYT_0535.tiff,10,0.06841293007763001
./data/matek19/LYT/LYT_0536.tiff,10,0.3114508387180682
./data/matek19/LYT/LYT_0537.tiff,10,-0.21335493097940497
./data/matek19/LYT/LYT_0538.tiff,10,-0.6092314646698643
./data/matek19/LYT/LYT_0539.tiff,10,0.9378831895006704
./data/matek19/LYT/LYT_0540.tiff,10,-2.0400936461053956
./data/matek19/LYT/LYT_0541.tiff,10,0.2401213077397765
./data/matek19/LYT/LYT_0544.tiff,10,-0.7981785637150429
./data/matek19/LYT/LYT_0545.tiff,10,0.7316065544517868
./data/matek19/LYT/LYT_0546.tiff,10,2.0090235673568473
./data/matek19/LYT/LYT_0548.tiff,10,1.414155358889244
./data/matek19/LYT/LYT_0549.tiff,10,0.3687351820853953
./data/matek19/LYT/LYT_0550.tiff,10,0.23659901648627887
./data/matek19/LYT/LYT_0551.tiff,10,0.18352840192918557
./data/matek19/LYT/LYT_0552.tiff,10,-0.712513194150255
./data/matek19/LYT/LYT_0553.tiff,10,-1.7750164793515164
./data/matek19/LYT/LYT_0554.tiff,10,0.7847678162755359
./data/matek19/LYT/LYT_0555.tiff,10,0.01278278382835827
./data/matek19/LYT/LYT_0556.tiff,10,-1.0804163919359395
./data/matek19/LYT/LYT_0557.tiff,10,-0.6018560422267943
./data/matek19/LYT/LYT_0558.tiff,10,0.8085039409351892
./data/matek19/LYT/LYT_0559.tiff,10,0.14094095180608773
./data/matek19/LYT/LYT_0560.tiff,10,0.7838502417363051
./data/matek19/LYT/LYT_0563.tiff,10,1.530406777323246
./data/matek19/LYT/LYT_0565.tiff,10,1.8689449410160568
./data/matek19/LYT/LYT_0566.tiff,10,-1.4892544844126994
./data/matek19/LYT/LYT_0567.tiff,10,0.8276499313255871
./data/matek19/LYT/LYT_0568.tiff,10,-0.7701227801368264
./data/matek19/LYT/LYT_0570.tiff,10,-1.293797241255073
./data/matek19/LYT/LYT_0571.tiff,10,-0.2353301747557032
./data/matek19/LYT/LYT_0572.tiff,10,0.44722717816908264
./data/matek19/LYT/LYT_0573.tiff,10,0.3355957195698613
./data/matek19/LYT/LYT_0574.tiff,10,0.07162650736199008
./data/matek19/LYT/LYT_0575.tiff,10,-1.0151935598079704
./data/matek19/LYT/LYT_0576.tiff,10,0.8517301236195043
./data/matek19/LYT/LYT_0577.tiff,10,0.05749673340845989
./data/matek19/LYT/LYT_0578.tiff,10,0.3011112616252031
./data/matek19/LYT/LYT_0579.tiff,10,-0.10448031984838553
./data/matek19/LYT/LYT_0580.tiff,10,-0.006419385095883835
./data/matek19/LYT/LYT_0581.tiff,10,-1.0861691629593069
./data/matek19/LYT/LYT_0582.tiff,10,-1.9887647843694585
./data/matek19/LYT/LYT_0585.tiff,10,-0.48835292572846356
./data/matek19/LYT/LYT_0586.tiff,10,0.3183877830056882
./data/matek19/LYT/LYT_0587.tiff,10,-0.7168019972443629
./data/matek19/LYT/LYT_0588.tiff,10,-0.3245517433234469
./data/matek19/LYT/LYT_0589.tiff,10,0.13652830307723127
./data/matek19/LYT/LYT_0590.tiff,10,-0.3939319165807565
./data/matek19/LYT/LYT_0591.tiff,10,-0.5727768017591137
./data/matek19/LYT/LYT_0592.tiff,10,2.0972685949331544
./data/matek19/LYT/LYT_0593.tiff,10,-0.03520634088715733
./data/matek19/LYT/LYT_0595.tiff,10,1.039553633351877
./data/matek19/LYT/LYT_0596.tiff,10,-0.3285416514400946
./data/matek19/LYT/LYT_0597.tiff,10,-0.3505065474528384
./data/matek19/LYT/LYT_0600.tiff,10,0.36801304160684595
./data/matek19/LYT/LYT_0601.tiff,10,-1.2688937285862747
./data/matek19/LYT/LYT_0602.tiff,10,-0.8883549884229689
./data/matek19/LYT/LYT_0603.tiff,10,0.23238918188646462
./data/matek19/LYT/LYT_0604.tiff,10,1.2051845685335645
./data/matek19/LYT/LYT_0607.tiff,10,-0.31583013403099897
./data/matek19/LYT/LYT_0608.tiff,10,0.12056880594489335
./data/matek19/LYT/LYT_0609.tiff,10,-0.8745928102869253
./data/matek19/LYT/LYT_0610.tiff,10,0.25884431216649234
./data/matek19/LYT/LYT_0611.tiff,10,-0.1654771904651952
./data/matek19/LYT/LYT_0615.tiff,10,-1.3280225865686641
./data/matek19/LYT/LYT_0616.tiff,10,-0.4177359974794302
./data/matek19/LYT/LYT_0617.tiff,10,-1.3319480106833963
./data/matek19/LYT/LYT_0619.tiff,10,0.18303116769995548
./data/matek19/LYT/LYT_0621.tiff,10,-0.23046232192108426
./data/matek19/LYT/LYT_0623.tiff,10,0.8653840479930085
./data/matek19/LYT/LYT_0624.tiff,10,-0.08705132269486056
./data/matek19/LYT/LYT_0625.tiff,10,1.170160888946029
./data/matek19/LYT/LYT_0626.tiff,10,-0.4190668485893092
./data/matek19/LYT/LYT_0627.tiff,10,1.7196956091231153
./data/matek19/LYT/LYT_0628.tiff,10,1.2541096953105686
./data/matek19/LYT/LYT_0630.tiff,10,-0.4151019828318915
./data/matek19/LYT/LYT_0631.tiff,10,-0.7771436554787188
./data/matek19/LYT/LYT_0632.tiff,10,0.23212081805602963
./data/matek19/LYT/LYT_0634.tiff,10,0.06583557948332679
